"year","league","division","team","wins","games","runs","runs_allowed","attendance"
2000,"AL","West","ANA",82,162,864,869,2066982
2000,"NL","West","ARI",85,162,792,754,2942251
2000,"NL","East","ATL",95,162,810,714,3234304
2000,"AL","East","BAL",74,162,794,913,3297031
2000,"AL","East","BOS",85,162,792,745,2585895
2000,"AL",NA,"CHA",95,162,978,839,1947799
2000,"NL","Central","CHN",65,162,764,904,2789511
2000,"NL","Central","CIN",85,163,825,765,2577371
2000,"AL","Central","CLE",90,162,950,816,3456278
2000,"NL","West","COL",82,162,968,897,3295129
2000,"AL","Central","DET",79,162,823,827,2438617
2000,"NL","East","FLO",79,161,731,797,1218326
2000,"NL","Central","HOU",72,162,938,944,3056139
2000,"AL","Central","KCA",77,162,879,930,1564847
2000,"NL","West","LAN",86,162,798,729,2880242
2000,"NL","Central","MIL",73,163,740,826,1573621
2000,"AL","Central","MIN",69,162,748,880,1000760
2000,"NL","East","MON",67,162,738,902,926272
2000,"AL","East","NYA",87,161,871,814,3055435
2000,"NL","East","NYN",94,162,807,738,2820530
2000,"AL","West","OAK",91,161,947,813,1603744
2000,"NL","East","PHI",65,162,708,830,1612769
2000,"NL","Central","PIT",69,162,793,888,1748908
2000,"NL","West","SDN",76,162,752,815,2352443
2000,"AL","West","SEA",91,162,907,780,2914624
2000,"NL","West","SFN",97,162,925,747,3318800
2000,"NL","Central","SLN",95,162,887,771,3336493
2000,"AL","East","TBA",69,NA,733,842,1449673
2000,"AL","West","TEX",71,162,848,974,2588401
2000,"AL","East","TOR",83,162,861,908,1705712
2001,"AL","West","ANA",75,162,691,730,2000919
2001,"NL","West","ARI",92,162,818,677,2736451
2001,"NL","East","ATL",88,162,729,643,2823530
2001,"AL","East","BAL",63,162,687,829,3094841
2001,"AL","East","BOS",82,161,772,745,2625333
2001,"AL","Central","CHA",83,162,798,795,1766172
2001,"NL","Central","CHN",88,162,777,701,2779465
2001,"NL","Central","CIN",66,162,735,850,1879757
2001,"AL","Central","CLE",91,162,897,821,3175523
2001,"NL","West","COL",73,162,923,906,3166821
2001,"AL","Central","DET",66,162,724,876,1921305
2001,"NL","East","FLO",76,162,742,744,1261226
2001,"NL","Central","HOU",93,NA,847,769,2904277
2001,"AL","Central","KCA",65,162,729,858,1536371
2001,"NL","West","LAN",86,162,758,744,3017143
2001,"NL","Central","MIL",68,162,740,806,2811041
2001,"AL","Central","MIN",85,162,771,766,1782929
2001,"NL","East","MON",68,162,670,812,642745
2001,"AL","East","NYA",95,161,804,713,3264907
2001,"NL","East","NYN",82,162,642,713,2658330
2001,"AL","West","OAK",102,162,884,645,2133277
2001,"NL","East","PHI",86,162,746,719,1782054
2001,"NL","Central","PIT",62,162,657,858,2464870
2001,"NL","West","SDN",79,162,789,812,2378128
2001,"AL","West","SEA",116,162,927,627,3507326
2001,"NL","West","SFN",90,162,799,748,3311958
2001,"NL","Central","SLN",93,162,814,684,3109578
2001,"AL","East","TBA",62,162,672,887,1298365
2001,"AL","West","TEX",73,162,890,968,2831021
2001,"AL","East","TOR",80,162,767,753,1915438
2002,"AL","West","ANA",99,162,851,644,2305547
2002,"NL","West","ARI",98,162,819,674,3198977
2002,"NL","East","ATL",101,161,708,565,2603484
2002,"AL","East","BAL",67,162,NA,773,2682439
2002,"AL","East","BOS",93,162,859,665,2650862
2002,"AL","Central","CHA",81,162,856,798,1676911
2002,"NL","Central","CHN",67,162,706,759,2693096
2002,"NL","Central","CIN",78,162,709,774,1855787
2002,"AL","Central","CLE",74,162,739,837,2616940
2002,"NL","West","COL",73,162,778,898,2737838
2002,"AL","Central","DET",55,161,575,864,1503623
2002,"NL","East","FLO",79,162,699,763,813118
2002,"NL","Central","HOU",84,162,749,695,2517357
2002,"AL","Central","KCA",62,162,737,891,1323036
2002,"NL","West","LAN",92,162,713,643,3131255
2002,"NL","Central","MIL",56,162,627,821,1969153
2002,"AL","Central","MIN",94,161,768,712,1924473
2002,"NL","East","MON",83,162,735,718,812045
2002,"AL","East","NYA",103,161,897,697,3465807
2002,"NL","East","NYN",75,161,690,703,2804838
2002,"AL","West","OAK",103,162,800,654,2169811
2002,"NL","East","PHI",80,161,710,724,1618467
2002,"NL","Central","PIT",72,0,641,730,1784988
2002,"NL","West","SDN",66,162,662,815,2220601
2002,"AL","West","SEA",93,162,814,699,3542938
2002,"NL","West","SFN",95,162,783,616,3253203
2002,"NL","Central","SLN",97,162,787,648,3011756
2002,"AL","East","TBA",55,161,673,918,1065742
2002,"AL","West","TEX",72,162,843,882,2352397
2002,"AL","East","TOR",78,162,813,828,1637900
2003,"AL","West","ANA",77,162,736,743,3061094
2003,"NL","West","ARI",84,162,717,685,2805542
2003,"NL","East","ATL",101,162,907,740,2401084
2003,"AL","East","BAL",71,163,743,820,2454523
2003,"AL","East","BOS",95,162,961,809,2724165
2003,"AL","Central","CHA",86,162,791,715,1939524
2003,"NL","Central","CHN",88,162,724,683,2962630
2003,"NL","Central","CIN",69,162,694,886,2355259
2003,"AL","Central","CLE",68,162,699,778,1730002
2003,"NL","West","COL",74,NA,853,892,2334085
2003,"AL","Central","DET",43,162,591,928,1368245
2003,"NL","East","FLO",91,162,751,692,1303215
2003,"NL","Central","HOU",87,162,805,677,2454241
2003,"AL","Central","KCA",83,162,836,867,1779895
2003,"NL","West","LAN",85,162,574,556,3138626
2003,"NL","Central","MIL",68,162,714,873,1700354
2003,"AL","Central","MIN",90,162,801,758,1946011
2003,"NL","East","MON",83,162,711,716,1025639
2003,"AL","East","NYA",101,163,877,716,3465600
2003,NA,"East","NYN",66,161,642,754,2140599
2003,"AL","West","OAK",96,162,768,643,2216596
2003,"NL","East","PHI",86,162,791,697,2259948
2003,"NL","Central","PIT",75,162,753,801,1636751
2003,"NL","West","SDN",64,162,678,831,2030084
2003,"AL","West","SEA",93,162,795,637,3268509
2003,"NL","West","SFN",100,161,755,638,3264898
2003,"NL","Central","SLN",85,162,876,796,2910386
2003,"AL","East","TBA",63,162,715,852,1058695
2003,"AL","West","TEX",71,162,826,969,2094394
2003,"AL","East","TOR",86,162,894,826,1799458
2004,"AL","West","ANA",92,162,836,734,3375677
2004,"NL","West","ARI",51,162,615,899,2519560
2004,"NL","East","ATL",96,162,803,668,2327565
2004,"AL","East","BAL",78,162,842,830,2744018
2004,"AL","East","BOS",98,162,949,768,2837294
2004,"AL","Central","CHA",83,162,865,831,1930537
2004,"NL","Central","CHN",89,162,789,665,3170154
2004,"NL","Central","CIN",76,162,750,907,2287250
2004,"AL","Central","CLE",80,162,858,857,1814401
2004,"NL","West","COL",68,162,833,923,2338069
2004,"AL","Central","DET",72,162,827,844,1917004
2004,"NL","East","FLO",83,162,718,700,1723105
2004,"NL","Central","HOU",92,162,803,698,3087872
2004,"AL","Central","KCA",58,162,720,905,1661478
2004,"NL","West","LAN",93,162,761,684,3488283
2004,"NL","Central","MIL",67,161,634,757,2062382
2004,"AL","Central","MIN",92,162,780,715,1911490
2004,"NL","East","MON",67,162,635,769,749550
2004,"AL","East","NYA",101,162,897,808,3775292
2004,"NL","East","NYN",71,162,684,731,2318951
2004,"AL","West","OAK",91,162,793,742,2201516
2004,"NL","East","PHI",86,162,840,781,3250092
2004,"NL","Central","PIT",72,161,680,744,1580031
2004,"NL","West","SDN",87,162,768,705,3016752
2004,"AL","West","SEA",63,162,698,823,2940731
2004,"NL","West","SFN",91,162,850,770,3256854
2004,NA,"Central","SLN",105,162,855,659,3048427
2004,"AL","East","TBA",70,161,714,842,1274911
2004,"AL","West","TEX",89,162,860,794,2513685
2004,"AL","East","TOR",67,161,719,823,1900041
2005,"NL","West","ARI",77,162,696,856,2059424
2005,"NL","East","ATL",90,162,769,674,2521167
2005,"AL","East","BAL",74,162,729,800,2624740
2005,"AL","East","BOS",95,162,910,805,2847888
2005,"AL","Central","CHA",99,162,741,645,2342833
2005,"NL","Central","CHN",79,162,703,714,3099992
2005,"NL","Central","CIN",73,163,820,889,1943067
2005,"AL","Central","CLE",93,162,790,642,2013763
2005,"NL","West","COL",67,162,740,862,1914389
2005,"AL","Central","DET",71,162,723,787,2024431
2005,"NL","East","FLO",83,162,717,732,1852608
2005,"NL","Central","HOU",89,163,693,609,2804760
2005,"AL","Central","KCA",56,162,701,935,1371181
2005,"AL","West","LAA",95,162,761,643,3404686
2005,"NL","West","LAN",71,162,685,755,3603646
2005,"NL","Central","MIL",81,162,726,697,2211023
2005,"AL","Central","MIN",83,162,688,662,2034243
2005,"AL","East","NYA",95,162,886,789,4090696
2005,"NL","East","NYN",83,162,722,648,2829929
2005,"AL","West","OAK",88,162,772,658,2109118
2005,"NL","East","PHI",88,162,807,726,2665304
2005,"NL","Central","PIT",67,162,680,769,1817245
2005,"NL","West","SDN",82,162,684,726,2869787
2005,"AL","West","SEA",69,162,699,751,2725459
2005,"NL","West","SFN",75,162,649,745,3181023
2005,"NL","Central","SLN",100,162,805,634,3538988
2005,"AL","East","TBA",67,162,750,936,1141669
2005,"AL","West","TEX",79,162,865,858,2525221
2005,"AL","East","TOR",80,162,775,705,2014995
2005,"NL","East","WAS",81,162,639,673,2731993
2006,"NL","West","ARI",76,162,773,788,2091685
2006,"NL","East","ATL",79,162,849,805,2550524
2006,"AL","East","BAL",70,162,768,899,2153139
2006,"AL","East","BOS",86,162,820,825,2930588
2006,"AL","Central","CHA",90,162,868,794,2957414
2006,"NL","Central","CHN",66,162,716,834,3123215
2006,"NL","Central","CIN",80,162,749,801,2134607
2006,"AL","Central","CLE",78,162,870,782,1997995
2006,"NL","West","COL",76,162,813,812,2104362
2006,"AL","Central","DET",95,162,822,675,2595937
2006,"NL","East","FLO",78,162,758,772,1164134
2006,"NL","Central","HOU",82,162,735,719,3022763
2006,"AL","Central","KCA",62,162,757,971,1372638
2006,"AL","West","LAA",89,162,766,732,3406790
2006,"NL","West","LAN",88,162,820,751,3758545
2006,"NL","Central","MIL",75,162,730,833,2335643
2006,"AL","Central","MIN",96,162,801,683,2285018
2006,"AL","East","NYA",97,162,930,767,4248067
2006,"NL","East","NYN",97,162,834,731,3379535
2006,"AL","West","OAK",93,162,771,727,1976625
2006,"NL","East","PHI",85,162,865,812,2701815
2006,"NL","Central","PIT",67,162,691,797,1861549
2006,"NL","West","SDN",88,162,731,679,2659757
2006,"AL","West","SEA",78,162,756,792,2481165
2006,"NL","West","SFN",76,161,746,790,3130313
2006,"NL","Central","SLN",83,161,781,762,3407104
2006,"AL","East","TBA",61,162,689,856,1368950
2006,"AL","West","TEX",80,162,835,784,2388757
2006,"AL","East","TOR",87,162,809,754,2302212
2006,"NL","East","WAS",71,162,746,872,2153056
2007,"NL","West","ARI",90,162,712,732,2325249
2007,"NL","East","ATL",84,162,810,733,2745207
2007,"AL","East","BAL",69,162,756,868,2164822
2007,"AL","East","BOS",96,162,867,657,2970755
2007,"AL","Central","CHA",72,162,693,839,2684395
2007,"NL","Central","CHN",85,162,752,690,3252462
2007,"NL","Central","CIN",72,162,783,853,2058593
2007,"AL","Central","CLE",96,162,811,704,2275912
2007,"NL","West","COL",90,163,860,758,2376250
2007,"AL","Central","DET",88,162,887,797,3047133
2007,"NL","East","FLO",71,162,790,891,1370511
2007,"NL","Central","HOU",73,162,723,813,3020405
2007,"AL","Central","KCA",69,162,706,778,1616867
2007,"AL","West","LAA",94,162,822,731,3365632
2007,"NL","West","LAN",82,162,735,727,3857036
2007,"NL","Central","MIL",83,162,801,776,2869144
2007,"AL","Central","MIN",79,162,718,725,2296383
2007,"AL","East","NYA",94,162,968,777,4271083
2007,"NL","East","NYN",88,162,804,750,3853955
2007,"AL","West","OAK",76,162,741,758,1921844
2007,"NL","East","PHI",89,162,892,821,3108325
2007,"NL","Central","PIT",68,162,724,846,1749142
2007,"NL","West","SDN",89,163,741,666,2790074
2007,"AL","West","SEA",88,162,794,813,2672223
2007,"NL","West","SFN",71,162,683,720,3223215
2007,"NL","Central","SLN",78,162,725,829,3552180
2007,"AL","East","TBA",66,162,782,944,1387603
2007,"AL","West","TEX",75,162,816,844,2353862
2007,"AL","East","TOR",83,162,753,699,2360644
2007,"NL","East","WAS",73,162,673,783,1943812
2008,"NL","West","ARI",82,162,720,706,2509924
2008,"NL","East","ATL",72,162,753,778,2532834
2008,"AL","East","BAL",68,161,782,869,1950075
2008,"AL","East","BOS",95,162,845,694,3048250
2008,"AL","Central","CHA",89,163,811,729,2500648
2008,"NL","Central","CHN",97,161,855,671,3300200
2008,"NL","Central","CIN",74,162,704,800,2058632
2008,"AL","Central","CLE",81,162,805,761,2169760
2008,"NL","West","COL",74,162,747,822,2650218
2008,"AL","Central","DET",74,162,821,857,3202645
2008,"NL","East","FLO",84,161,770,767,1335076
2008,"NL","Central","HOU",86,161,712,743,2779487
2008,"AL","Central","KCA",75,162,691,781,1578922
2008,"AL","West","LAA",100,162,765,697,3336747
2008,"NL","West","LAN",84,162,700,648,3730553
2008,"NL","Central","MIL",90,162,750,689,3068458
2008,"AL","Central","MIN",88,163,829,745,2302431
2008,"AL","East","NYA",89,162,789,727,4298655
2008,"NL","East","NYN",89,162,799,715,4042045
2008,"AL","West","OAK",75,161,646,690,1665256
2008,"NL","East","PHI",92,162,799,680,3422583
2008,"NL","Central","PIT",67,162,735,884,1609076
2008,"NL","West","SDN",63,162,637,764,2427535
2008,"AL","West","SEA",61,162,671,811,2329702
2008,"NL","West","SFN",72,162,640,759,2863837
2008,"NL","Central","SLN",86,162,779,725,3432917
2008,"AL","East","TBA",97,162,774,671,1811986
2008,"AL","West","TEX",79,162,901,967,1945677
2008,"AL","East","TOR",86,162,714,610,2399786
2008,"NL","East","WAS",59,161,641,825,2320400
2009,"NL","West","ARI",70,162,720,782,2128765
2009,"NL","East","ATL",86,162,735,641,2373631
2009,"AL","East","BAL",64,162,741,876,1907163
2009,"AL","East","BOS",95,162,872,736,3062699
2009,"AL","Central","CHA",79,162,724,732,2284163
2009,"NL","Central","CHN",83,161,707,672,3168859
2009,"NL","Central","CIN",78,162,673,723,1747919
2009,"AL","Central","CLE",65,162,773,865,1766242
2009,"NL","West","COL",92,162,804,715,2665080
2009,"AL","Central","DET",86,163,743,745,2567165
2009,"NL","East","FLO",87,162,772,766,1464109
2009,"NL","Central","HOU",74,162,643,770,2521076
2009,"AL","Central","KCA",65,162,686,842,1797891
2009,"AL","West","LAA",97,162,883,761,3240386
2009,"NL","West","LAN",95,162,780,611,3761655
2009,"NL","Central","MIL",80,162,785,818,3037451
2009,"AL","Central","MIN",87,163,817,765,2416237
2009,"AL","East","NYA",103,162,915,753,3719358
2009,"NL","East","NYN",70,162,671,757,3168571
2009,"AL","West","OAK",75,162,759,761,1408783
2009,"NL","East","PHI",93,162,820,709,3600693
2009,"NL","Central","PIT",62,161,636,768,1577853
2009,"NL","West","SDN",75,162,638,769,1919603
2009,"AL","West","SEA",85,162,640,692,2195533
2009,"NL","West","SFN",88,162,657,611,2862110
2009,"NL","Central","SLN",91,162,730,640,3343252
2009,"AL","East","TBA",84,162,803,754,1874962
2009,"AL","West","TEX",87,162,784,740,2156016
2009,"AL","East","TOR",75,162,798,771,1876129
2009,"NL","East","WAS",59,162,710,874,1817226
2010,"NL","West","ARI",65,162,713,836,2056941
2010,"NL","East","ATL",91,162,738,629,2510119
2010,"AL","East","BAL",66,162,613,785,1733018
2010,"AL","East","BOS",89,162,818,744,3046443
2010,"AL","Central","CHA",88,162,752,704,2194378
2010,"NL","Central","CHN",75,162,685,767,3062973
2010,"NL","Central","CIN",91,162,790,685,2060550
2010,"AL","Central","CLE",69,162,646,752,1394812
2010,"NL","West","COL",83,162,770,717,2875245
2010,"AL","Central","DET",81,162,751,743,2461237
2010,"NL","East","FLO",80,162,719,717,1535226
2010,"NL","Central","HOU",76,0,611,729,2331490
2010,"AL","Central","KCA",67,162,676,845,1615324
2010,"AL","West","LAA",80,162,681,702,3250816
2010,"NL","West","LAN",80,162,667,692,3562320
2010,"NL","Central","MIL",77,162,750,804,2776531
2010,"AL","Central","MIN",94,162,781,671,3223640
2010,"AL","East","NYA",95,162,859,693,3765807
2010,"NL","East","NYN",79,162,656,652,2559738
2010,"AL","West","OAK",81,162,663,626,1418391
2010,"NL","East","PHI",97,162,772,640,3647249
2010,"NL","Central","PIT",57,162,587,866,1613399
2010,"NL","West","SDN",90,162,665,581,2131774
2010,"AL","West","SEA",61,162,513,698,2085488
2010,"NL","West","SFN",92,162,697,583,3037443
2010,"NL","Central","SLN",86,162,736,641,3301218
2010,"AL","East","TBA",96,162,802,649,1843445
2010,"AL","West","TEX",90,162,787,687,2505171
2010,"AL","East","TOR",85,162,755,728,1625555
2010,"NL","East","WAS",69,162,655,742,1828066
2011,"NL","West","ARI",94,162,731,662,2105432
2011,"NL","East","ATL",89,162,641,605,2372940
2011,"AL","East","BAL",69,162,708,860,1755461
2011,"AL","East","BOS",90,162,875,737,3054001
2011,"AL","Central","CHA",79,162,654,706,2001117
2011,"NL","Central","CHN",71,162,654,756,3017966
2011,"NL","Central","CIN",79,162,735,720,2213588
2011,"AL","Central","CLE",80,162,704,760,1840835
2011,"NL","West","COL",73,162,735,774,2909777
2011,"AL","Central","DET",95,162,787,711,2642045
2011,"NL","East","FLO",72,162,625,702,1477462
2011,"NL","Central","HOU",56,162,615,796,2067016
2011,"AL","Central","KCA",71,162,730,762,1724450
2011,"AL","West","LAA",86,162,667,633,3166321
2011,"NL","West","LAN",82,161,644,612,2935139
2011,"NL","Central","MIL",96,162,721,638,3071373
2011,"AL","Central","MIN",63,162,619,804,3168116
2011,"AL","East","NYA",97,162,867,657,3653680
2011,"NL","East","NYN",77,162,718,742,2352596
2011,"AL","West","OAK",74,162,645,679,1476791
2011,"NL","East","PHI",102,162,713,529,3680718
2011,"NL","Central","PIT",72,162,610,712,1940429
2011,"NL","West","SDN",71,162,593,611,2143018
2011,"AL","West","SEA",67,162,556,675,1939421
2011,"NL","West","SFN",86,162,570,578,3387303
2011,"NL","Central","SLN",90,162,762,692,3093954
2011,"AL","East","TBA",91,162,707,614,1529188
2011,"AL","West","TEX",96,162,855,677,2946949
2011,"AL","East","TOR",81,162,743,761,1818103
2011,"NL","East","WAS",80,161,624,643,1940478
2012,"NL","West","ARI",81,162,734,688,2177617
2012,"NL","East","ATL",94,162,700,600,2420171
2012,"AL","East","BAL",93,162,712,705,2102240
2012,"AL","East","BOS",69,162,734,806,3043003
2012,"AL","Central","CHA",85,162,748,676,1965955
2012,"NL","Central","CHN",61,162,613,759,2882756
2012,"NL","Central","CIN",97,162,669,588,2347251
2012,"AL","Central","CLE",68,162,667,845,1603596
2012,"NL","West","COL",64,162,758,890,2630458
2012,"AL","Central","DET",88,162,726,670,3028033
2012,"NL","Central","HOU",55,162,583,794,1607733
2012,"AL","Central","KCA",72,162,NA,746,1739859
2012,"AL","West","LAA",89,162,767,699,3061770
2012,"NL","West","LAN",86,162,637,597,3324246
2012,"NL","East","MIA",69,162,609,724,2219444
2012,"NL","Central","MIL",83,162,776,733,2831385
2012,"AL","Central","MIN",66,162,701,832,2776354
2012,"AL","East","NYA",95,162,804,668,3542406
2012,"NL","East","NYN",74,162,650,709,2242803
2012,"AL","West","OAK",94,162,713,614,1679013
2012,"NL","East","PHI",81,162,684,680,3565718
2012,"NL","Central","PIT",79,162,651,674,2091918
2012,"NL","West","SDN",76,162,651,710,2123721
2012,"AL","West","SEA",75,162,619,651,1721920
2012,"NL","West","SFN",94,162,718,649,3377371
2012,"NL","Central","SLN",88,162,765,648,3262109
2012,"AL","East","TBA",90,162,697,577,1559681
2012,"AL","West","TEX",93,162,808,707,3460280
2012,"AL","East","TOR",73,162,716,784,2099663
2012,"NL","East","WAS",98,162,731,594,2370794
2013,"NL","West","ARI",81,162,685,695,2134795
2013,"NL","East","ATL",96,162,688,548,2548679
2013,"AL","East","BAL",85,162,745,709,2357561
2013,"AL","East","BOS",97,162,853,656,2833333
2013,"AL","Central","CHA",63,162,598,723,1768413
2013,"NL","Central","CHN",66,162,602,689,2642682
2013,"NL","Central","CIN",90,162,698,589,2534369
2013,"AL","Central","CLE",92,162,745,662,1572926
2013,"NL","West","COL",74,162,706,760,2793828
2013,"AL","Central","DET",93,162,796,624,3083397
2013,"AL","West","HOU",51,162,610,848,1651883
2013,"AL","Central","KCA",86,162,648,601,1750754
2013,"AL","West","LAA",78,162,733,737,3019505
2013,"NL","West","LAN",92,162,NA,582,3743527
2013,"NL","East","MIA",62,162,513,646,1586322
2013,"NL","Central","MIL",74,162,640,687,2531105
2013,"AL","Central","MIN",66,162,614,788,2477644
2013,NA,"East","NYA",85,162,650,671,3279589
2013,"NL","East","NYN",74,162,619,684,2135657
2013,"AL","West","OAK",96,162,767,625,1809302
2013,"NL","East","PHI",73,162,610,749,3012403
2013,"NL","Central","PIT",94,162,634,577,2256862
2013,"NL","West","SDN",76,162,618,700,2166691
2013,"AL","West","SEA",71,162,624,754,1761546
2013,"NL","West","SFN",76,162,629,691,3326796
2013,"NL","Central","SLN",97,162,783,596,3369769
2013,"AL","East","TBA",92,163,700,646,1510300
2013,"AL","West","TEX",91,163,730,636,3178273
2013,"AL","East","TOR",74,162,712,756,2536562
2013,"NL","East","WAS",86,162,656,626,2652422
2014,"NL","West","ARI",64,162,615,742,2073730
2014,"NL","East","ATL",79,162,573,597,2354305
2014,"AL","East","BAL",96,162,705,593,2464473
2014,"AL","East","BOS",71,0,634,715,2956089
2014,"AL","Central","CHA",73,162,660,758,1650821
2014,"NL","Central","CHN",73,162,614,707,2652113
2014,"NL","Central","CIN",76,162,595,612,2476664
2014,"AL","Central","CLE",85,162,669,653,1437393
2014,"NL","West","COL",66,162,755,818,2680329
2014,"AL","Central","DET",90,162,757,705,2917209
2014,"AL","West","HOU",70,162,629,723,1751829
2014,"AL","Central","KCA",89,162,651,624,1956482
2014,"AL","West","LAA",98,162,773,630,3095935
2014,"NL","West","LAN",94,162,718,617,3782337
2014,"NL","East","MIA",77,162,645,674,1732283
2014,"NL","Central","MIL",82,162,650,657,2797384
2014,"AL","Central","MIN",70,162,715,777,2250606
2014,"AL","East","NYA",84,162,633,664,3401624
2014,"NL","East","NYN",79,162,629,618,2148808
2014,"AL","West","OAK",88,162,729,572,2003628
2014,"NL","East","PHI",73,162,619,687,2423852
2014,"NL","Central","PIT",88,162,682,631,2442564
2014,"NL","West","SDN",77,162,535,577,2195373
2014,"AL","West","SEA",87,162,634,554,2064334
2014,"NL","West","SFN",88,162,665,614,3368697
2014,"NL","Central","SLN",90,162,619,603,3540649
2014,"AL","East","TBA",77,162,612,625,1446464
2014,"AL","West","TEX",67,162,637,773,2718733
2014,"AL","East","TOR",83,162,723,686,2375525
2014,"NL","East","WAS",96,162,686,555,2579389
2015,"NL","West","ARI",79,162,720,713,2080145
2015,"NL","East","ATL",67,162,573,760,2001392
2015,"AL","East","BAL",81,162,713,693,2281202
2015,"AL","East","BOS",78,162,748,753,2880694
2015,"AL","Central","CHA",76,162,622,701,1755810
2015,"NL","Central","CHN",97,162,689,608,2919122
2015,"NL","Central","CIN",64,162,640,754,2419506
2015,"AL","Central","CLE",81,161,669,640,1388905
2015,"NL","West","COL",68,162,737,844,2506789
2015,"AL","Central","DET",74,161,689,803,2726048
2015,"AL","West","HOU",86,162,729,618,2153585
2015,"AL","Central","KCA",95,162,724,641,2708549
2015,"AL","West","LAA",85,162,661,675,3012765
2015,"NL","West","LAN",92,162,667,595,3764815
2015,"NL","East","MIA",71,162,613,678,1752235
2015,"NL","Central","MIL",68,162,655,737,2542558
2015,"AL","Central","MIN",83,162,696,700,2220054
2015,"AL","East","NYA",87,162,764,698,3193795
2015,"NL","East","NYN",90,162,683,613,2569753
2015,"AL","West","OAK",68,162,694,729,1768175
2015,"NL","East","PHI",63,162,626,809,1831080
2015,"NL","Central","PIT",98,162,697,596,2498596
2015,"NL","West","SDN",74,162,650,731,2459742
2015,"AL","West","SEA",76,162,656,726,2193581
2015,"NL","West","SFN",84,162,696,627,3375882
2015,"NL","Central","SLN",100,162,647,525,3520889
2015,"AL","East","TBA",80,162,644,642,1287054
2015,"AL","West","TEX",88,162,751,733,2491875
2015,"AL","East","TOR",93,162,891,670,2794891
2015,"NL","East","WAS",83,162,703,635,2619843
2016,"NL","West","ARI",69,162,752,890,2036216
2016,"NL","East","ATL",68,161,649,779,2020914
2016,"AL","East","BAL",89,162,744,715,2172344
2016,"AL","East","BOS",93,162,878,694,2955434
2016,"AL","Central","CHA",78,162,686,715,1746293
2016,"NL","Central","CHN",103,162,808,556,3232420
2016,"NL","Central","CIN",68,162,716,854,1894085
2016,"AL","Central","CLE",94,161,777,676,1591667
2016,"NL","West","COL",75,162,845,860,2602524
2016,"AL","Central","DET",86,161,750,721,2493859
2016,"AL","West","HOU",84,162,724,701,2306623
2016,"AL","Central","KCA",81,0,675,712,2557712
2016,"AL","West","LAA",74,162,717,727,3016142
2016,"NL","West","LAN",91,162,725,638,3703312
2016,"NL","East","MIA",79,161,655,682,1712417
2016,"NL","Central","MIL",73,162,671,733,2314614
2016,"AL","Central","MIN",59,162,722,889,1963912
2016,"AL","East","NYA",84,162,680,702,3063405
2016,"NL","East","NYN",87,162,671,617,2789602
2016,"AL","West","OAK",69,162,653,761,1521506
2016,"NL","East","PHI",71,162,610,796,1915144
2016,"NL","Central","PIT",78,162,729,758,2249201
2016,"NL","West","SDN",68,162,686,770,2351422
2016,"AL","West","SEA",86,162,768,707,2267928
2016,"NL","West","SFN",87,162,715,631,3365256
2016,"NL","Central","SLN",86,162,779,712,3444490
2016,"AL","East","TBA",68,162,672,713,1286163
2016,"AL","West","TEX",95,162,765,757,2710402
2016,"AL","East","TOR",89,162,759,666,3392099
2016,"NL","East","WAS",95,162,763,612,2481938
2017,"NL","West","ARI",93,162,812,659,2134375
2017,"NL","East","ATL",72,162,732,821,2505252
2017,"AL","East","BAL",75,162,743,841,2028424
2017,"AL","East","BOS",93,162,785,668,2917678
2017,"AL","Central","CHA",67,162,706,820,1629470
2017,"NL","Central","CHN",92,162,822,695,3199562
2017,"NL","Central","CIN",68,162,753,869,1836917
2017,"AL","Central","CLE",102,162,818,564,2048138
2017,"NL","West","COL",87,162,824,757,2953650
2017,"AL","Central","DET",64,162,735,894,2321599
2017,"AL","West","HOU",101,162,896,700,2403671
2017,NA,"Central","KCA",80,162,702,791,2220370
2017,"AL","West","LAA",80,162,710,709,3019585
2017,"NL","West","LAN",104,162,770,580,3765856
2017,"NL","East","MIA",77,162,778,822,1583014
2017,"NL","Central","MIL",86,162,732,697,2627705
2017,"AL","Central","MIN",85,162,815,788,2051279
2017,"AL","East","NYA",91,162,858,660,3146966
2017,"NL","East","NYN",70,162,735,863,2460622
2017,"AL","West","OAK",75,162,739,826,1475721
2017,"NL","East","PHI",66,162,690,782,1905354
2017,"NL","Central","PIT",75,162,668,731,1919447
2017,"NL","West","SDN",71,162,604,816,2138491
2017,"AL","West","SEA",78,162,750,772,2135445
2017,"NL","West","SFN",64,162,639,776,3303652
2017,"NL","Central","SLN",83,162,761,705,3447937
2017,"AL","East","TBA",80,162,694,704,1253619
2017,"AL","West","TEX",78,162,799,816,2507760
2017,"AL","East","TOR",76,162,693,784,3203886
2017,"NL","East","WAS",97,162,819,672,2524980
2018,"NL","West","ARI",82,162,693,644,2242695
2018,"NL","East","ATL",90,162,759,657,2555781
2018,"AL","East","BAL",47,162,622,892,1564192
2018,"AL","East","BOS",108,162,876,647,2895575
2018,"AL","Central","CHA",62,162,656,848,1608817
2018,"NL","Central","CHN",95,163,761,645,3181089
2018,"NL","Central","CIN",67,162,696,819,1629356
2018,"AL","Central","CLE",91,162,818,648,1926701
2018,"NL","West","COL",91,163,780,745,3015880
2018,"AL","Central","DET",64,162,630,796,1856970
2018,"AL","West","HOU",103,162,797,534,2980549
2018,"AL","Central","KCA",58,162,638,833,1665107
2018,"AL","West","LAA",80,162,721,722,3020216
2018,"NL","West","LAN",92,163,804,610,3857500
2018,"NL","East","MIA",63,161,589,809,811104
2018,"NL","Central","MIL",96,163,754,659,2850875
2018,"AL",NA,"MIN",78,162,738,775,1959197
2018,"AL","East","NYA",100,162,851,669,3482855
2018,"NL","East","NYN",77,162,676,707,2224995
2018,"AL","West","OAK",97,162,813,674,1573616
2018,"NL","East","PHI",80,162,677,728,2158124
2018,"NL","Central","PIT",82,161,692,693,1465316
2018,"NL","West","SDN",66,162,617,767,2168536
2018,"AL","West","SEA",89,162,677,711,2299489
2018,"NL","West","SFN",73,162,603,699,3156185
2018,"NL","Central","SLN",88,162,759,691,3403587
2018,"AL","East","TBA",90,162,716,646,1154973
2018,"AL","West","TEX",67,162,737,848,2107107
2018,"AL","East","TOR",73,162,709,832,2325281
2018,"NL","East","WAS",82,162,771,682,2529604
2019,"NL","West","ARI",85,162,813,743,2135510
2019,"NL","East","ATL",97,162,855,743,2655100
2019,"AL","East","BAL",54,162,729,981,1307807
2019,"AL","East","BOS",84,162,NA,828,2924627
2019,"AL","Central","CHA",72,161,708,832,1649775
2019,"NL","Central","CHN",84,162,814,717,3094865
2019,"NL","Central","CIN",75,162,701,711,1808685
2019,"AL","Central","CLE",93,162,769,657,1738642
2019,"NL","West","COL",71,162,835,958,2993244
2019,"AL","Central","DET",47,0,582,915,1501430
2019,"AL","West","HOU",107,162,920,640,2857367
2019,"AL","Central","KCA",59,162,691,869,1479659
2019,"AL","West","LAA",72,162,769,868,3019012
2019,"NL","West","LAN",106,162,886,613,3974309
2019,"NL","East","MIA",57,162,615,808,811302
2019,"NL","Central","MIL",89,162,769,766,2923333
2019,"AL","Central","MIN",101,162,939,754,2294152
2019,"AL","East","NYA",103,162,943,739,3304404
2019,"NL","East","NYN",86,162,791,737,2442532
2019,"AL","West","OAK",97,162,845,680,1662211
2019,"NL","East","PHI",81,162,774,794,2727421
2019,"NL","Central","PIT",69,162,758,911,1491439
2019,"NL","West","SDN",70,162,682,789,2396399
2019,"AL","West","SEA",68,162,758,893,1791863
2019,"NL",NA,"SFN",77,162,678,773,2707760
2019,"NL","Central","SLN",91,162,764,662,3480393
2019,"AL","East","TBA",96,162,769,656,1178735
2019,"AL","West","TEX",78,162,810,878,2132994
2019,"AL","East","TOR",67,162,726,828,1750114
2019,"NL","East","WAS",93,162,873,724,2259781
